rank,username,pr_count,review_comments,formal_reviews,avg_comment_length,first_seen,last_seen,score
1,liggitt,63,380,240,167.1,2026-01-30,2026-07-22,0.6500
2,macsko,31,587,127,105.2,2025-09-29,2026-07-10,0.6062
3,pohly,65,308,264,147.3,2025-05-13,2026-07-22,0.5983
4,mm4tt,27,389,122,225.9,2026-06-23,2026-07-22,0.5252
5,jpbetz,41,193,101,163.2,2026-03-13,2026-07-22,0.4186
6,soltysh,37,194,84,153.0,2025-02-07,2026-07-22,0.3948
7,everettraven,1,4,1,562.6,2026-03-09,2026-03-09,0.3073
8,nmn3m,1,2,1,742.0,2026-03-28,2026-03-28,0.3060
9,towca,1,2,2,1004.2,2026-06-17,2026-06-23,0.3060
10,KevinTMtz,1,1,1,493.0,2026-03-16,2026-03-16,0.3011
11,neolit123,9,9,15,391.9,2026-05-29,2026-07-01,0.2828
12,ArchanaAnand0212,1,4,4,456.0,2026-06-26,2026-07-02,0.2809
13,thockin,11,120,37,237.1,2026-03-15,2026-07-20,0.2748
14,singh1203,1,0,1,447.0,2026-05-08,2026-05-08,0.2728
15,CatherineF-dev,1,1,1,438.0,2026-07-10,2026-07-10,0.2681
16,x13n,1,1,1,425.5,2026-06-26,2026-06-26,0.2606
17,Argh4k,15,146,67,134.7,2026-04-10,2026-07-21,0.2496
18,dom4ha,15,78,35,204.9,2025-11-04,2026-07-21,0.2454
19,ffromani,17,113,45,145.8,2025-03-04,2026-07-22,0.2429
20,SergeyKanzhelev,32,51,78,78.2,2026-02-09,2026-07-22,0.2294
21,jayaddison,1,2,2,357.2,2026-06-11,2026-07-22,0.2203
22,tallclair,16,107,44,117.7,2024-10-23,2026-07-22,0.2174
23,sanposhiho,14,50,33,191.4,2025-11-23,2026-07-21,0.2135
24,natasha41575,6,25,17,280.8,2026-03-18,2026-07-22,0.2132
25,harche,4,7,5,305.8,2026-03-09,2026-06-26,0.2067
26,danwinship,7,79,23,189.3,2025-07-02,2026-07-21,0.1997
27,yongruilin,14,68,39,141.2,2026-03-18,2026-07-22,0.1957
28,ania-borowiec,8,105,20,144.8,2026-06-25,2026-07-21,0.1954
29,HirazawaUi,18,24,25,148.7,2025-03-04,2026-07-21,0.1886
30,AutuSnow,2,11,8,276.5,2026-03-12,2026-07-22,0.1826
31,aaron-prindle,2,7,7,280.3,2026-03-10,2026-04-08,0.1822
32,atiratree,3,21,11,255.5,2026-03-12,2026-07-20,0.1815
33,nimdrak,1,2,2,289.2,2025-10-29,2026-02-21,0.1795
34,shivamerla,1,2,2,287.8,2026-07-15,2026-07-17,0.1786
35,everpeace,1,3,3,285.0,2026-07-01,2026-07-02,0.1777
36,nojnhuh,10,23,19,181.5,2026-06-17,2026-07-21,0.1707
37,kannon92,10,31,35,167.8,2026-04-06,2026-07-12,0.1679
38,JoelSpeed,3,91,24,139.3,2026-02-16,2026-07-02,0.1594
39,mortent,2,2,2,243.2,2025-04-14,2026-05-15,0.1565
40,lukaszwojciechowski,3,105,47,118.3,2026-07-06,2026-07-22,0.1564
41,brejman,8,62,26,128.4,2026-01-23,2026-07-13,0.1562
42,benluddy,4,54,21,161.1,2026-01-14,2026-07-17,0.1519
43,thc1006,2,7,7,228.8,2026-07-16,2026-07-20,0.1513
44,bart0sh,10,34,26,133.7,2025-04-15,2026-07-13,0.1496
45,lalitc375,9,43,29,126.3,2026-02-20,2026-07-21,0.1466
46,rphillips,1,1,1,234.0,2026-05-14,2026-05-14,0.1457
47,googs1025,3,2,5,213.9,2026-07-02,2026-07-17,0.1435
48,omerap12,5,19,16,173.5,2026-05-19,2026-07-08,0.1401
49,tosi3k,7,121,93,36.7,2026-06-22,2026-07-22,0.1368
50,richabanker,8,28,26,134.2,2026-04-13,2026-07-22,0.1365
51,skl,1,5,1,214.0,2026-07-09,2026-07-09,0.1364
52,elmiko,2,1,4,210.4,2026-07-02,2026-07-22,0.1362
53,helayoty,2,21,3,184.2,2026-03-13,2026-07-08,0.1340
54,aojea,5,56,56,120.2,2026-04-20,2026-07-21,0.1333
55,AnishShah,1,10,2,184.2,2024-10-31,2024-10-31,0.1219
56,ndixita,5,27,27,130.1,2026-02-26,2026-07-21,0.1195
57,pacoxu,8,14,13,119.7,2026-06-04,2026-07-22,0.1183
58,pravk03,3,10,7,158.5,2026-07-02,2026-07-20,0.1157
59,torredil,1,9,5,172.5,2026-07-14,2026-07-21,0.1142
60,ConnorJC3,1,0,1,182.0,2026-06-29,2026-06-29,0.1138
61,lmktfy,1,2,1,179.0,2026-06-09,2026-06-09,0.1134
62,esotsal,2,11,5,157.1,2026-07-16,2026-07-21,0.1110
63,serathius,9,49,49,56.9,2026-03-28,2026-07-22,0.1091
64,nathangeology,1,2,1,171.3,2026-05-13,2026-05-13,0.1088
65,skitt,3,5,5,147.8,2026-04-01,2026-07-22,0.1059
66,sttts,7,32,32,84.0,2025-11-22,2026-07-21,0.1045
67,sohankunkerkar,2,4,4,149.2,2026-07-07,2026-07-22,0.1015
68,wojtek-t,6,20,11,94.4,2026-03-12,2026-07-03,0.0979
69,gnufied,2,7,7,138.6,2026-07-17,2026-07-22,0.0971
70,dgrisonnet,6,12,11,100.2,2025-03-03,2026-07-22,0.0960
71,AvineshTripathi,1,2,2,149.2,2025-09-14,2025-09-16,0.0955
72,xing-yang,6,11,8,93.0,2026-06-30,2026-07-21,0.0910
73,swatisehgal,1,4,1,136.2,2026-07-21,2026-07-21,0.0891
74,44past4,3,4,4,118.6,2026-07-09,2026-07-15,0.0877
75,tkashem,1,4,1,133.0,2025-10-16,2025-10-16,0.0871
76,haircommander,8,25,22,54.2,2026-06-22,2026-07-22,0.0865
77,p0lyn0mial,1,9,3,124.8,2026-06-24,2026-06-29,0.0856
78,mengqiy,2,4,2,118.3,2026-06-16,2026-06-24,0.0830
79,Jefftree,6,17,12,72.7,2026-07-08,2026-07-21,0.0829
80,andreyvelich,2,11,2,110.1,2026-06-19,2026-06-19,0.0828
81,johnbelamaric,2,12,9,108.0,2026-07-06,2026-07-21,0.0822
82,alvaroaleman,2,6,8,114.6,2026-06-25,2026-07-15,0.0821
83,michaelasp,4,12,12,92.0,2026-06-29,2026-07-15,0.0818
84,iomarsayed,2,5,3,114.6,2026-05-15,2026-06-09,0.0814
85,msau42,4,17,7,81.8,2026-07-16,2026-07-22,0.0791
86,palnabarun,16,0,17,7.9,2026-07-03,2026-07-03,0.0786
87,sunya-ch,3,2,4,101.5,2026-05-13,2026-07-16,0.0761
88,troychiu,5,13,16,73.2,2026-05-15,2026-07-20,0.0758
89,elezar,1,6,6,110.7,2026-03-20,2026-03-20,0.0751
90,ardaguclu,3,21,11,77.3,2024-12-09,2026-06-17,0.0745
91,rata,1,2,2,112.0,2026-04-07,2026-04-07,0.0732
92,adrianmoisey,5,17,16,62.6,2026-05-01,2026-07-03,0.0722
93,toVersus,1,1,1,111.0,2025-10-29,2025-10-29,0.0719
94,bitoku,1,2,2,108.0,2026-06-19,2026-06-24,0.0708
95,alaypatel07,1,7,4,100.9,2026-07-20,2026-07-20,0.0699
96,TristonianJones,1,2,1,105.0,2026-07-20,2026-07-20,0.0690
97,yuehaii,1,3,3,103.3,2026-07-14,2026-07-14,0.0687
98,ibihim,1,25,23,76.8,2025-07-23,2026-07-16,0.0677
99,iamzili,1,1,1,101.0,2026-03-12,2026-03-12,0.0659
100,ajaysundark,1,2,2,86.8,2026-06-16,2026-06-16,0.0580
101,marosset,2,1,3,77.0,2026-07-01,2026-07-09,0.0561
102,dims,3,3,4,64.0,2026-06-24,2026-07-22,0.0543
103,stlaz,1,13,3,67.6,2026-07-16,2026-07-17,0.0540
104,Verolop,11,0,11,5.0,2026-07-01,2026-07-18,0.0538
105,enj,2,13,5,58.9,2025-02-25,2026-06-26,0.0534
106,ritazh,1,1,1,76.0,2025-04-22,2025-04-22,0.0509
107,mikebrow,1,3,3,71.0,2026-07-22,2026-07-22,0.0493
108,dashpole,6,4,8,29.7,2026-06-12,2026-07-10,0.0482
109,jdzikowski,3,5,5,46.1,2026-07-17,2026-07-21,0.0449
110,carlory,1,1,1,61.5,2026-07-15,2026-07-15,0.0422
111,SataQiu,2,1,2,50.0,2026-06-28,2026-07-12,0.0399
112,QiWang19,1,1,1,56.5,2026-07-14,2026-07-14,0.0392
113,samuelkarp,1,0,1,52.0,2026-07-14,2026-07-14,0.0358
114,BenTheElder,4,3,6,25.3,2025-10-01,2026-07-22,0.0357
115,cheftako,1,1,1,49.0,2026-07-15,2026-07-15,0.0347
116,ngopalak-redhat,1,2,2,42.0,2026-07-13,2026-07-13,0.0312
117,darshansreenivas,1,2,1,38.0,2026-02-07,2026-02-07,0.0288
118,kerthcet,1,0,1,40.0,2025-11-21,2025-11-21,0.0286
119,AkihiroSuda,1,1,1,38.0,2026-06-27,2026-06-27,0.0281
120,micahhausler,1,2,1,36.7,2026-03-16,2026-03-16,0.0280
121,deads2k,1,5,5,28.4,2026-05-26,2026-05-26,0.0251
122,mrunalp,4,2,6,8.4,2026-07-09,2026-07-22,0.0248
123,hashim21223445,5,0,6,0.0,2025-02-09,2025-10-04,0.0231
124,rhamitarora,4,0,4,0.0,2026-07-04,2026-07-20,0.0185
125,Chunxia202410,1,1,1,18.0,2026-07-07,2026-07-07,0.0161
126,jsafrane,1,1,1,18.0,2026-07-01,2026-07-01,0.0161
127,xmudrii,1,0,1,14.0,2026-07-02,2026-07-02,0.0130
128,mkumatag,2,0,2,5.0,2026-07-01,2026-07-05,0.0122
129,bwplotka,1,0,1,7.0,2026-07-21,2026-07-21,0.0088
130,upodroid,1,0,1,5.0,2026-07-16,2026-07-16,0.0076
131,ArangoGutierrez,1,0,1,1.0,2026-04-21,2026-04-21,0.0052
132,r0b2g1t,1,0,1,0.0,2025-03-06,2025-03-06,0.0046
133,dturnersr1024-spec,1,0,1,0.0,2026-07-20,2026-07-20,0.0046
134,booxter,1,0,1,0.0,2026-05-20,2026-05-20,0.0046
135,lavishpal,1,0,1,0.0,2026-07-04,2026-07-04,0.0046
136,benchwang,1,0,1,0.0,2026-02-05,2026-02-05,0.0046
